jmeter101,pass101,pass101
jmeter102,pass102,pass102
jmeter103,pass103,pass103
jmeter104,pass104,pass104
jmeter105,pass105,pass105
jmeter106,pass106,pass106
jmeter107,pass107,pass107
jmeter108,pass108,pass108
jmeter109,pass109,pass109
jmeter110,pass110,pass110
jmeter111,pass111,pass111
jmeter112,pass112,pass112
jmeter113,pass113,pass113
jmeter114,pass114,pass114
jmeter115,pass115,pass115
jmeter116,pass116,pass116
jmeter117,pass117,pass117
jmeter118,pass118,pass118
jmeter119,pass119,pass119
jmeter120,pass120,pass120
jmeter121,pass121,pass121
jmeter122,pass122,pass122
jmeter123,pass123,pass123
jmeter124,pass124,pass124
jmeter125,pass125,pass125
